CUST_CITY_ID,CALL_CTR_ID,TOT_DOLLAR_SALES,TOT_UNIT_SALES,TOT_COST,GROSS_DOLLAR_SALES
1,8,80350.850000000064,2038,69515.568799999994,84372
1,18,6407.0500000000002,207,5525.1519999999982,6708
2,5,97512.000000000058,2423,83601.746100000193,101322
2,18,17062.25,364,14571.569799999997,17823
3,12,55883.149999999943,1442,47963.498000000072,58237
3,18,8336.3500000000022,164,7520.5778000000037,9157
4,8,41050.650000000001,1006,35019.957499999975,42490
4,18,3033.0499999999997,141,2710.8617999999965,3167
5,5,40042.150000000001,938,33781.989700000006,41138
5,18,2018.3499999999999,95,1723.6120000000003,2023
6,12,73639.849999999977,1739,61714.081200000022,74944
6,18,8977.6000000000004,161,7558.9154000000026,9186
7,17,3416.4000000000001,84,2899.0941999999986,3526
8,5,106780.70000000003,2729,90575.14290000037,109878
8,18,15631.249999999995,302,13162.52900000002,16168
9,17,49684.05000000001,1240,41788.436599999986,50748
9,18,9840.5499999999993,178,8216.0685000000012,10035
10,8,101577.54999999997,2473,85883.221600000485,104195
10,18,15251.750000000005,317,12611.366100000005,15431
11,5,4119.8000000000002,92,3462.4677999999999,4196
11,18,1141.2,12,923.59010000000012,1149
12,6,55449.800000000003,1368,46659.535299999974,56709
12,18,5628.3999999999987,224,4937.9341999999961,5811
13,14,76791.799999999959,1969,65340.323100000052,79080
13,18,12372.5,249,10267.038600000003,12579
14,17,51124.300000000003,1409,43293.031000000003,52269
14,18,7095.3500000000004,231,6149.7632999999942,7325
15,15,35800.700000000019,855,30558.652200000004,37264
15,18,3750.8000000000002,78,3129.0717999999983,3816
16,17,165437.04999999973,4022,139650.87470000176,169683
16,18,23204.849999999999,424,19282.884099999999,23539
17,12,48833.750000000036,1084,41519.721199999993,50682
17,18,9191.4500000000007,165,7783.4004999999988,9475
18,17,70194.450000000041,1743,60296.350499999986,73056
18,18,10028.950000000001,180,8570.0189999999966,10515
19,6,52822.849999999977,1401,44962.145500000035,54481
19,18,8492.0499999999993,135,7227.8386999999966,8862
20,9,857,38,722.15579999999966,857
21,12,40398.55000000001,1213,34437.525799999981,41616
21,18,5961.7999999999993,158,5143.6724999999997,6192
22,5,346635.50000000093,8796,294549.41270000098,356961
22,18,38115.849999999984,974,32413.242299999962,39239
23,5,39057.799999999981,865,33547.118800000077,40861
23,18,4996.0999999999995,143,4271.4892999999984,5174
24,9,58443.649999999987,1269,49883.617599999961,60697
24,18,5328.9999999999982,159,4931.6672999999982,5936
25,12,78139.199999999983,1593,65188.303000000087,79596
25,18,7040.5999999999995,140,6112.8957999999975,7400
26,9,64111.249999999935,1409,53954.617800000051,65566
26,18,8469.5,194,7207.1416999999947,8731
27,12,32224.699999999986,849,27007.35419999998,32740
27,18,3176,71,2607.0562999999993,3176
28,10,66882.299999999959,1590,56436.599799999989,68585
28,18,3500.6999999999998,129,2969.5864999999981,3544
29,5,77304.749999999985,1648,65428.729499999965,79678
29,18,9226.8999999999996,248,7806.5291999999899,9460
30,8,64266.049999999974,1385,54915.911800000111,66833
30,18,8763.9499999999989,242,7593.7588000000042,9221
31,8,94469.800000000017,2232,79790.671000000482,97169
31,18,10466.850000000002,212,8809.117000000002,10741
32,9,80770.600000000035,1997,68117.649700000125,82469
32,18,6196.4999999999982,201,5363.5338999999985,6446
33,17,51615.150000000038,1393,44375.988299999932,53593
33,18,7096.7000000000016,182,5939.752499999996,7216
34,2,198439.65000000017,4830,167976.51190000179,203594
34,18,22406.450000000008,563,18925.636000000031,23060
35,1,166838.74999999994,4121,141919.38850000137,172247
35,18,16022.200000000001,508,13664.760100000029,16404
36,5,4896.8000000000011,106,4330.3953999999994,5234
36,18,73,6,66.313699999999997,73
37,8,155483.40000000002,3735,132396.95460000157,160871
37,18,15950.249999999995,376,13623.136500000002,16459
38,12,62374.800000000032,1383,53417.586800000085,65122
38,18,8166.8500000000004,188,6901.108299999999,8454
39,15,60283.649999999987,1545,51981.434299999994,62947
39,18,13926.6,255,11696.803700000006,14319
40,14,32157.5,892,27391.153100000025,33129
40,18,2864.6000000000004,99,2573.4008999999996,3084
41,8,37035.150000000001,920,30994.798900000009,37555
41,18,2630.7499999999995,88,2314.6876999999999,2757
42,9,56246.600000000006,1526,47985.897400000009,57942
42,18,4306.0000000000009,174,3772.6597999999985,4502
43,7,27061.799999999988,676,23601.097799999992,28590
43,18,7061.3000000000002,127,5981.0856999999978,7325
44,11,284620.84999999934,7108,242202.20950000195,293731
44,18,41144.44999999999,969,34799.992199999979,42378
45,10,47349.500000000029,1058,39646.144200000002,48363
45,18,4918.1000000000004,136,4404.2341999999935,5338
46,5,62849.900000000009,1470,53474.781199999976,64912
46,18,10178.049999999999,189,8848.296999999995,10754
47,5,58380.050000000025,1425,49659.458799999949,60256
47,18,5268.3999999999996,151,4413.4459999999954,5314
48,7,50232.599999999999,1237,43122.243099999971,52368
48,18,6077.6499999999978,131,5196.6281999999992,6339
49,14,63004.299999999988,1617,53662.340200000035,65109
49,18,14272.049999999997,283,12315.411300000005,15105
50,12,62915.499999999993,1561,53189.720899999957,64417
50,18,8917.0500000000011,190,7515.6782999999987,9182
51,8,79382.999999999971,1700,66916.541999999958,81426
51,18,5635.4000000000005,198,4882.0142999999935,5840
52,12,123311.94999999979,3021,105061.65580000075,127469
52,18,20443.199999999997,384,17359.294800000011,21085
53,4,39762.099999999991,918,33622.205100000036,40948
53,18,6677.1000000000004,131,5499.8542999999981,6728
54,12,69090.950000000055,1755,58768.291600000033,71321
54,18,8606.4999999999982,213,7562.7781999999997,9167
55,12,14448.100000000002,339,12274.949899999994,14864
55,18,2021.25,28,1706.7344000000001,2121
56,2,34823.55000000001,923,29511.766899999977,35727
56,18,4090.3500000000004,97,3502.5707999999995,4266
57,6,38799.249999999985,909,32904.83189999999,40021
57,18,4930.4499999999998,108,4176.9754999999977,5102
58,8,48911.149999999987,965,41555.185799999927,50724
58,18,3535.3499999999999,91,2929.8462,3589
59,11,143991.09999999986,3286,121418.05830000092,147255
59,18,18233.400000000005,405,15333.605900000017,18794
60,17,36385.999999999985,913,30784.113799999974,37333
60,18,4193.9499999999998,93,3577.0785999999989,4358
61,8,41670.050000000017,1036,35105.87930000003,42712
61,18,6547.7999999999993,129,5565.2105999999967,6804
62,15,38999.30000000001,961,33905.373700000026,41054
62,18,5913.1999999999989,147,5134.5209000000013,6280
63,9,50819.550000000054,1250,43794.333500000015,53088
63,18,4519.4000000000005,126,3841.5763999999976,4635
64,8,3521,58,2869.2867999999994,3521
64,18,234,17,197.21459999999999,234
65,9,63976.599999999977,1599,54896.500100000041,66470
65,18,5408.550000000002,160,4726.8011999999962,5678
66,5,49555.95000000007,1340,42440.327399999958,51335
66,18,6910.8000000000002,128,5660.3356999999996,6915
67,8,39868.899999999987,880,33787.901100000003,41127
67,18,2409.8499999999995,78,2171.0003000000006,2618
68,17,52136.050000000032,1215,44517.827699999994,54102
68,18,10494.299999999999,181,9005.457099999996,10998
69,5,1441.55,48,1328.4065000000012,1574
69,18,400.39999999999998,15,369.0274,433
70,15,54912.550000000017,1353,46901.958000000013,56771
70,18,4214.1000000000004,116,3493.2966999999962,4278
71,12,58995.250000000015,1438,50183.479500000074,60947
71,18,11870.899999999998,224,10056.245000000001,12219
72,6,49310.500000000036,1124,41489.491399999919,50539
72,18,4071.599999999999,105,3412.1652999999988,4132
73,8,485360.3499999998,11515,411269.78739999322,499462
73,18,56202.649999999965,1305,47922.966300000102,58257
74,15,65471.650000000016,1445,55127.656399999993,67133
74,18,12405.500000000002,232,10238.153200000008,12464
75,2,28455.700000000033,801,24372.815100000033,29511
75,18,1681.75,87,1488.3227999999995,1780
76,12,84052.549999999959,2020,71059.539599999975,86454
76,18,8596.25,221,7317.3350999999966,8880
77,5,115607.89999999985,2689,98055.020000000557,119143
77,18,16175.999999999996,369,13979.144900000007,16974
78,2,182952.45000000004,4500,154784.32180000067,187569
78,18,24575.299999999988,539,21350.748500000023,26032
79,8,45069.75,1033,38106.684300000023,46424
79,18,4589,123,3860.3232999999987,4649
80,12,27758.300000000003,846,23831.200399999994,28792
80,18,4390.3999999999996,103,3848.5293999999981,4673
81,6,97616.04999999993,2348,82721.661400000303,100420
81,18,10104.75,241,8722.3257000000031,10549
82,5,110889.35000000008,2348,92699.598200000168,113033
82,18,12270.549999999999,291,10691.577300000012,13011
83,15,1598,52,1358.8373999999999,1598
83,18,196,13,170.3766,196
84,15,70392.799999999988,1808,60177.317800000041,72821
84,18,11068.899999999998,294,9395.3264999999956,11385
85,12,158240.19999999992,4011,134750.51960000125,163573
85,18,17896.94999999999,508,15206.55900000001,18312
86,12,51807.399999999972,1299,43561.904999999999,52823
86,18,4964.8000000000011,121,4252.3025999999973,5194
87,8,31728.200000000019,750,27046.386200000026,32806
87,18,2332.3500000000004,56,1981.3111999999999,2399
88,15,52623.250000000022,1390,45161.669099999912,54768
88,18,7397.699999999998,191,6288.5154999999995,7687
89,9,54552.300000000032,1247,46051.876500000093,56260
89,18,11182.1,213,9391.6317999999974,11461
90,5,57086.950000000041,1399,48365.794499999996,58789
90,18,5690.3499999999995,132,4832.2169999999996,5917
91,4,73022.500000000044,1688,61580.057500000003,74600
91,18,7650.5,197,6606.8036999999977,8007
92,12,60581.199999999968,1442,51379.389299999973,62373
92,18,6406.0000000000018,142,5363.9766999999974,6531
93,12,49142.250000000007,1289,41930.197500000002,50617
93,18,6159.1000000000004,178,5159.988599999996,6202
94,9,68266.64999999998,1594,57228.984399999979,69685
94,18,4904.1999999999989,151,4173.2683999999972,5010
95,10,46293.700000000041,910,38544.56610000004,47233
95,18,4050,112,3454.0125999999996,4148
96,8,63199.999999999964,1485,53417.174199999929,64878
96,18,5860.8999999999996,124,4963.9775000000009,6026
97,15,48739.000000000036,1165,41538.774899999975,50490
97,18,6282.3000000000011,128,5280.8072999999995,6406
98,9,32942.200000000012,948,27941.729700000004,33678
98,18,9025.4500000000007,192,8024.089399999998,9788
99,5,35188.55000000001,986,29850.862600000022,36170
99,18,3819.8999999999996,141,3297.7799999999993,3954
100,11,84049.999999999956,1949,71182.726800000135,86459
100,18,15402.750000000004,333,13028.612100000008,15769
101,1,69571.900000000009,1715,58898.120899999994,71340
101,18,6534.4499999999989,198,5502.2770999999957,6646
102,9,101486.69999999998,2408,85804.226100000407,104142
102,18,9525.7000000000044,271,8184.3252999999977,9866
103,17,53698.700000000004,1203,46044.991500000011,56017
103,18,3764.5999999999999,95,3187.5779999999986,3871
104,5,65347.349999999948,1756,54891.846400000024,66458
104,18,8957.7999999999993,226,7425.3612000000012,8971
105,8,88059.599999999933,2156,74667.145600000134,90729
105,18,12249.900000000001,251,10573.502899999998,12901
106,7,61304.999999999956,1649,52132.984799999998,63135
106,18,6052.3999999999996,175,5202.4227000000001,6328
107,9,30813.750000000011,900,26496.409400000011,31957
107,18,2460.3499999999999,103,2087.4451000000004,2497
108,6,110591.55,2758,93604.985400000645,113593
108,18,10204.9,248,8701.8689000000049,10561
109,8,62742.900000000001,1485,52475.439599999881,63745
109,18,8174.4000000000005,133,6992.583099999998,8627
110,8,65864.849999999977,1759,55994.072099999939,67678
110,18,11205.349999999997,269,9682.1005999999998,11798
111,8,134817.80000000008,3437,115095.3266000008,139685
111,18,17621.399999999998,417,14930.12790000001,18176
112,4,67968.449999999953,1599,57500.746199999987,69772
112,18,7892.8999999999987,190,6679.3124000000016,8087
113,1,88085.649999999994,2205,74784.083600000129,90720
113,18,9888.5999999999931,269,8249.7819,9992
114,12,69672.550000000032,1617,59427.666499999948,72388
114,18,6260.8499999999995,156,5325.9673999999977,6434
115,11,63270.10000000002,1446,53849.845899999906,65408
115,18,4633.8000000000011,164,4100.7854999999972,4927
116,8,35638.100000000006,904,30151.916199999989,36431
116,18,6555.8500000000004,165,5545.2188000000015,6732
117,12,79364.85000000002,1887,66418.673199999903,80624
117,18,12323.1,227,10428.037399999999,12753
118,2,33474.750000000007,906,28023.285700000011,33798
118,18,4784,80,3893.2892999999985,4784
119,4,4447.1999999999998,99,3827.7570999999989,4684
119,18,201,6,170.95209999999997,201
120,2,132991.09999999998,3322,111888.65180000094,135791
120,18,18387.650000000005,467,15735.160200000015,19036
121,6,72057.39999999998,1653,60705.039799999868,73800
121,18,6590.8000000000002,194,5515.5648999999976,6642
122,1,38742.900000000038,1169,33211.509299999947,39969
122,18,6323.2500000000018,175,5462.3912999999975,6627
123,9,63153.999999999985,1476,53353.623700000004,64661
123,18,10999.450000000003,226,9306.6333000000031,11302
124,10,42601.100000000006,1204,35965.599399999948,43407
124,18,9064.3499999999985,200,7640.7631000000001,9267
125,15,72213.800000000003,1735,60823.129099999955,73800
125,18,14539.349999999995,281,12235.377100000003,14878
126,10,64466.94999999999,1577,55306.015800000008,67089
126,18,11851.950000000003,224,10138.122700000007,12449
127,10,30682.749999999996,724,25803.871100000011,31354
127,18,1974.7499999999998,80,1701.7355000000007,2026
128,12,51788.700000000004,1177,43540.985700000056,52780
128,18,7229.449999999998,129,6155.3696000000009,7512
129,12,3982.0499999999997,111,3494.399199999998,4260
129,18,713.00000000000011,25,641.90989999999999,785
130,17,44332.849999999984,1131,37371.007299999961,45339
130,18,6011.1499999999978,89,4983.3994000000002,6098
131,12,123554.95000000004,2880,105056.79530000051,127656
131,18,26822.750000000007,560,22466.494100000004,27512
132,2,55740.199999999953,1347,47590.765300000014,57823
132,18,4346.3500000000004,144,3900.5759999999959,4691
133,9,48800.299999999996,1270,41511.122499999969,50247
133,18,6009.5,118,4958.1040999999987,6011
134,7,132677.25,3152,111521.60470000062,135688
134,18,15002.35,397,12785.09530000001,15422
135,5,79439.400000000067,1938,67933.188999999955,82405
135,18,5410.2000000000007,169,4602.2859999999955,5548
136,15,133225.0999999998,3250,113564.90790000088,137644
136,18,13697,324,11680.647500000008,14181
137,15,56818.649999999972,1277,48484.749300000061,58965
137,18,4571.3000000000002,105,3897.8976999999991,4752
138,12,40662.650000000016,1040,34889.174700000054,42212
138,18,7190.6999999999998,132,5954.7261000000008,7290
139,12,45452.000000000029,1207,38967.846300000034,47262
139,18,6259.4999999999991,122,5253.4626999999991,6368
140,5,57078.250000000116,1510,49275.926100000048,59636
140,18,5316.7500000000009,161,4503.6092999999964,5478
141,2,85683.400000000038,2066,72748.46239999996,88548
141,18,9215.5999999999985,246,7969.3451999999952,9712
142,1,75824.099999999875,1909,64091.342699999928,77648
142,18,6944.9500000000016,264,5983.6980999999978,7159
143,9,51491.200000000004,1164,43012.027200000048,52263
143,18,9211.3500000000022,171,7651.6568999999963,9304
144,12,70398.350000000049,1701,60043.570999999967,72816
144,18,7697.6000000000004,201,6555.8428999999996,7907
145,2,54486.849999999962,1484,46419.852999999974,56235
145,18,8621.4000000000015,191,7339.1035999999922,8943
146,2,65351.050000000032,1503,55229.027600000023,67126
146,18,9179.4500000000007,247,7972.8744999999963,9644
147,12,52279.299999999945,1219,44014.003600000018,53628
147,18,2711.8999999999992,99,2290.4403999999995,2760
148,9,36736.299999999996,935,31410.838200000027,38091
148,18,1374.8500000000001,68,1228.1532000000002,1431
149,8,38054.549999999996,741,32202.845400000006,39287
149,18,6201.4499999999998,132,5255.3023999999969,6407
150,2,50302.150000000001,1230,43242.314699999974,52382
150,18,7467.1500000000005,192,6470.1987999999965,7829
151,2,115552.09999999998,2710,97594.949500000366,119023
151,18,13356.849999999997,341,11333.552900000015,13731
152,8,65702.549999999916,1600,56206.173500000012,68198
152,18,12472.450000000001,219,10467.251400000003,12769
153,9,62256.299999999981,1433,52517.558999999965,63942
153,18,7884.4000000000005,207,6609.7830000000013,7981
154,6,50772.900000000001,1257,42812.415200000105,51810
154,18,11690.799999999999,202,9895.1606000000011,12104
155,1,98005.199999999997,2466,82806.355800000529,100360
155,18,12166.349999999999,356,10530.480799999998,12716
156,8,102134.39999999998,2486,86270.709800000361,105095
156,18,11430.549999999999,278,9584.1457000000028,11666
157,8,2552,41,2211.0599999999995,2700
158,17,51293.000000000044,1216,43419.443599999962,52695
158,18,7102.2000000000016,180,6124.090999999994,7438
159,7,35120.199999999997,890,29785.26890000005,35957
159,18,1585,58,1335.8217,1585
160,8,56624.599999999948,1297,48418.426800000074,58785
160,18,5853.9499999999998,136,4942.3209999999963,6008
161,15,78369.650000000009,1689,67217.749499999962,82011
161,18,7769.3999999999996,235,6750.809699999998,8080
162,15,47689.799999999988,1261,41200.990600000048,49984
162,18,4892.3000000000002,128,4181.7144999999964,5034
163,1,41129.550000000003,1006,34982.063599999987,42402
163,18,4659.6000000000004,107,3889.4580999999989,4761
164,17,157567.40000000014,3761,133779.97850000075,162724
164,18,20421.449999999997,603,17242.599500000004,20742
165,17,53165.950000000012,1136,44595.951599999957,54478
165,18,4895.2000000000007,156,4237.1679999999969,5060
166,9,56653.399999999994,1551,47756.349899999979,57859
166,18,9920.3000000000047,280,8356.3115999999936,10091
167,9,80483.599999999962,1781,67505.156599999929,82390
167,18,9991.7499999999982,257,8631.0389000000032,10550
168,8,79884.949999999997,1936,67582.966200000083,82011
168,18,12136.75,256,10083.59920000001,12331
169,11,61455.250000000044,1445,52559.544400000072,63766
169,18,7664.7500000000009,239,6771.7692999999981,8172
170,11,56988.049999999981,1521,48384.818800000045,58481
170,18,9483.7999999999993,180,7954.7448000000004,9722
171,12,143361.69999999987,3580,121716.09280000105,147601
171,18,14390.449999999999,402,12176.736800000011,14737
172,5,48837.249999999978,1117,41233.656000000097,50160
172,18,6604.8999999999987,159,5678.9838,6949
173,5,62227.100000000042,1342,53199.930299999927,64727
173,18,6453.8000000000002,189,5552.5479999999961,6722
174,1,59130.899999999994,1236,49537.954800000072,60127
174,18,4621.6000000000004,89,3960.8979999999988,4856
175,12,125250.64999999992,2929,106098.59030000081,128938
175,18,14729.999999999998,432,12774.494500000015,15491
176,12,100229.20000000006,2467,85408.282900000486,103801
176,18,10742.199999999997,311,9254.562800000007,11136
177,2,71926.399999999834,1871,62098.553599999912,75239
177,18,16288.599999999997,281,13789.79750000001,16825
178,15,53045.299999999988,1384,44683.26559999997,54209
178,18,8862.7000000000007,213,7442.6603999999988,8982
179,4,87389.549999999901,2048,74116.041300000099,89919
179,18,13521.649999999998,307,11473.686299999999,13955
180,14,59431.649999999958,1366,50490.237400000078,61299
180,18,6916.1499999999978,195,5927.9897000000001,7227
181,7,56485.050000000003,1473,48154.941800000037,58238
181,18,6329.4000000000005,150,5304.0133999999998,6385
182,8,58206.149999999994,1490,48831.338999999964,59211
182,18,8567.9999999999982,229,7226.9921999999951,8729
183,7,117382.7,2876,99830.350500000844,121115
183,18,20852.499999999996,324,17441.78580000002,21453
184,15,47921.200000000033,1312,41439.438099999941,50114
184,18,7589.5999999999976,137,6317.1954000000005,7750
185,8,32006.150000000001,722,26765.534799999979,32702
185,18,2985.0999999999999,101,2502.6319999999982,2997
186,11,36638.850000000013,933,31112.576700000009,37822
186,18,2411.4000000000001,87,2223.5213999999996,2615
187,9,422844.55000000034,9995,359924.61339999468,437384
187,18,46308,1222,39165.18809999997,47531
188,2,55423.999999999898,1393,46853.742100000054,56807
188,18,13066.1,221,11010.144400000003,13527
189,5,69601.699999999953,1793,58995.778599999969,71378
189,18,12754.899999999998,250,10749.163200000001,13071
190,1,49987.550000000017,1223,42951.745099999993,52080
190,18,6216.4499999999998,123,5235.1897999999983,6348
191,12,50977.749999999978,1113,42409.229600000086,51714
191,18,6686.3999999999996,166,5661.3871999999974,6842
192,6,59563.199999999975,1428,50753.762600000002,61627
192,18,9323.75,202,7812.7786000000006,9644
193,8,53975.299999999959,1170,45316.980599999966,55265
193,18,5356.8499999999985,132,4616.2586999999958,5623
194,15,75223.599999999904,1613,64512.160000000084,78761
194,18,7908.6000000000004,241,6744.0496999999968,8106
195,9,81822.199999999983,2048,69648.503000000041,84469
195,18,8285.7000000000007,177,7013.8830999999973,8612
196,15,34430.200000000012,888,29073.317999999974,35234
196,18,6551.0499999999993,138,5526.4500999999973,6671
197,9,109754.60000000008,2951,92848.51980000062,112322
197,18,10335.849999999999,275,8662.666299999999,10408
198,12,45329.64999999998,1236,38733.735399999925,46780
198,18,7680.5,191,6475.3795999999966,7761
199,1,33299.299999999974,734,27840.018799999994,33973
199,18,4132.6500000000005,94,3463.2183999999979,4168
200,15,45660.050000000039,1132,39108.256300000059,47494
200,18,8175.8499999999995,133,6869.7551999999969,8417
201,12,56827.199999999975,1231,48466.378200000028,59037
201,18,4828.2500000000009,142,4075.7275999999988,4905
202,14,47465.85000000002,1117,40206.3181999999,48880
202,18,4436.0500000000002,113,3814.7600999999968,4640
203,15,55708.599999999991,1379,47739.585900000013,58057
203,18,8699.7999999999975,168,7370.6925000000001,8979
204,14,58805.249999999964,1441,49623.576599999971,60204
204,18,11573.749999999998,264,9810.7608000000109,12011
205,15,43438.25,1028,36562.800100000029,44361
205,18,4528.8999999999996,111,3903.2144999999996,4745
206,9,30431.899999999987,896,26035.548100000007,31518
206,18,6115.0500000000011,160,5286.2449999999963,6401
207,9,43912,1154,37565.93409999994,45598
207,18,8175.8500000000004,182,6856.0699000000022,8379
208,15,55364.149999999972,1395,47838.832900000052,58146
208,18,2624.75,81,2284.5693999999999,2757
209,15,245911.34999999992,5987,210244.553100002,255008
209,18,30809.449999999979,691,26131.4755,31831
210,15,41906.30000000001,1005,35437.963600000003,43060
210,18,3336.9999999999995,132,2931.2328000000002,3485
211,12,31760.300000000003,806,27080.479100000019,32890
211,18,3955.2999999999997,122,3330.1868999999974,4029
212,9,39229.649999999987,961,33277.21449999998,40415
212,18,6836.0000000000009,132,5746.2487999999967,7034
213,2,47322.34999999994,1185,40281.816900000063,48800
213,18,7596.0500000000011,162,6315.4909999999991,7652
214,12,114296.64999999991,2806,96732.246500000823,117368
214,18,19328.25,412,16440.677000000022,20139
215,6,36888.450000000004,991,31372.498899999977,37746
215,18,3864.9000000000001,95,3286.8454000000006,4013
216,2,141146.24999999997,3336,119208.45200000072,144995
216,18,16163.550000000001,350,13286.520300000022,16281
217,8,62227.049999999996,1545,52303.246899999918,63643
217,18,8299.25,151,6840.5670999999993,8340
218,11,73860.39999999998,1817,63046.202099999922,76599
218,18,14670.649999999998,312,12626.527999999995,15330
219,14,57932.700000000055,1371,48923.851899999994,59450
219,18,10835.299999999994,308,9192.7388999999948,11095
220,8,86169.75,1967,73316.931099999973,89043
220,18,4955.8999999999996,157,4290.3123999999962,5125
221,12,64567.199999999961,1613,55122.663900000043,66979
221,18,9676.9500000000025,245,8225.0876999999982,9997
222,8,60012.350000000013,1577,50943.377100000012,61868
222,18,9951.7499999999982,204,8261.8816000000024,10080
223,12,184641.45000000024,4445,157502.36680000124,191324
223,18,15163.500000000005,442,12858.306600000004,15506
224,12,42266.999999999985,953,35879.487200000003,43666
224,18,7088.9999999999991,139,5981.499899999998,7295
225,12,59663.399999999994,1228,49979.879500000003,61027
225,18,8538.1000000000004,180,7245.8975999999984,8834
226,2,243220.94999999972,5659,205809.16760000185,250432
226,18,30204.849999999999,719,25978.53180000003,31561
227,11,42512.55000000001,920,35691.00329999996,43516
227,18,6937.4000000000005,148,5677.5177999999978,6979
228,9,60823.199999999997,1449,51919.93000000008,62980
228,18,7663.199999999998,153,6633.9403999999986,8106
229,8,103757.19999999997,2534,87738.206800000436,106331
229,18,10690.349999999999,282,9256.5595000000012,11152
230,5,52037.000000000029,1237,44353.034300000014,53980
230,18,4168.9000000000005,103,3461.5526999999988,4219
231,2,62034.499999999985,1399,53154.873299999985,64536
231,18,8780.9000000000015,187,7351.7251999999989,8980
232,12,68549.200000000026,1616,57651.502999999961,70074
232,18,7900.7499999999991,214,6654.2248999999947,8030
233,8,56767.950000000019,1482,47830.333500000015,58043
233,18,7178.0999999999995,200,6168.2055999999966,7430
234,8,128716.79999999986,2880,108741.40470000071,132567
234,18,12382.900000000003,311,10491.692500000001,12858
235,5,58071.199999999975,1391,49225.258200000077,59932
235,18,9815.1000000000022,183,8167.3873999999969,9942
236,2,56312.900000000016,1455,47835.088400000001,57821
236,18,4208.1000000000004,135,3580.5566999999946,4295
237,8,61848.349999999977,1565,52075.417799999959,63006
237,18,12918.600000000002,254,11057.312800000005,13435
238,9,51449.649999999994,1232,43334.674399999996,52506
238,18,7881.9499999999998,159,6914.386599999998,8426
239,15,65259.699999999997,1755,55958.913500000002,67633
239,18,8858.1000000000004,201,7462.7851999999948,9047
240,5,53381.049999999988,1134,45270.280999999923,54992
240,18,6172.1999999999989,166,5267.1823999999924,6388
241,9,34283.150000000009,908,29431.666799999995,35645
241,18,5311.0500000000002,159,4681.6784999999954,5650
242,5,79795.849999999977,1874,67721.198700000008,82551
242,18,8881.1500000000051,221,7724.0267999999978,9324
243,12,51328.349999999999,1179,42757.841099999983,52065
243,18,4413.8500000000004,142,3753.2923999999966,4492
244,15,76928.300000000061,1847,65881.844399999987,79851
244,18,9291.1500000000051,199,7788.8549999999968,9514
245,15,55243.350000000013,1304,47253.476100000029,57357
245,18,4059.7000000000003,137,3472.887299999999,4159
246,6,3724.1999999999998,125,3198.9062000000013,3843
246,18,961.39999999999998,4,905.60799999999995,1127
247,7,55028.199999999975,1390,46950.727699999938,56823
247,18,8597.5,262,7339.7572,8876
248,7,92397.600000000108,2196,78685.523400000107,95608
248,18,9631.1000000000004,320,8412.1537000000008,10103
249,12,70326.900000000023,1858,59634.771400000063,72193
249,18,9849.100000000004,264,8382.0996999999988,10107
250,8,4675.6500000000015,117,4053.1685999999991,4902
250,18,101,8,94.450599999999994,101
251,8,135080.24999999985,3237,114192.54680000107,138608
251,18,16552.999999999996,341,14227.168500000027,17231
252,12,59459.350000000006,1426,50807.768100000016,61945
252,18,4738.3999999999996,142,4055.464099999997,4930
253,14,184482.04999999996,4531,156600.11640000116,190006
253,18,24041.549999999992,684,20910.252599999993,25254
254,1,62469.299999999959,1538,53567.234799999926,64812
254,18,7794.1999999999989,224,6746.0887999999932,8132
255,12,62341.500000000036,1521,53121.007499999978,64577
255,18,9891.4499999999989,208,8332.7281000000021,10127
256,12,37055.75,920,31301.186300000023,37970
256,18,5554.7999999999984,136,4617.756499999995,5632
257,12,132971.74999999988,3170,111753.34890000068,136114
257,18,19290.600000000009,465,16157.011200000024,19618
258,12,42088.5,985,35526.397299999968,43379
258,18,6689.6000000000013,143,5752.1647999999959,6973
259,8,61185.599999999933,1445,51587.751600000018,62722
259,18,7418.75,183,6355.357799999998,7693
260,17,59422.949999999961,1350,50090.704600000063,60771
260,18,8009.3999999999969,161,6908.9795999999978,8464
261,9,39104.250000000015,902,33122.793200000015,40294
261,18,4293.6499999999996,100,3638.2175999999977,4457
262,11,127873.19999999988,3012,108198.13580000092,131392
262,18,15807.249999999996,443,13472.910500000011,16239
263,8,47038.39999999998,1106,40129.208199999943,48753
263,18,5981.8999999999996,219,5149.0840999999955,6114
264,12,42425.200000000004,954,35920.378399999958,43706
264,18,5422.25,139,4539.7483999999986,5506
265,12,57947.200000000004,1448,49120.95210000001,59517
265,18,4444.3500000000013,140,3728.7434999999978,4464
266,12,59605.75,1531,51031.022300000026,62004
266,18,9481.399999999996,264,8140.9609,9840
267,17,46582.800000000047,1107,39711.661199999944,48302
267,18,5298.7499999999982,157,4763.1944999999987,5749
268,12,130160.64999999986,2896,109266.09260000076,132972
268,18,18224.250000000004,399,15531.288100000016,18904
269,9,200523.75000000012,4947,170655.3403000019,206820
269,18,23802.750000000004,555,20102.247100000001,24578
270,12,751953.64999999932,17939,636590.11460001813,773650
270,18,92326.400000000009,2176,78630.712400000179,95688
271,12,79899.650000000009,1897,67728.745099999956,82273
271,18,3691.6999999999998,147,3231.7444999999989,3856
272,2,3431.1499999999996,96,3281.4811000000009,4002
272,18,464,13,386.65449999999993,464
273,8,71813.899999999936,1718,60361.561400000144,73466
273,18,6965.8000000000002,194,5800.748700000001,7035
274,9,50863.550000000032,1241,43169.960599999984,52474
274,18,5788.4000000000005,120,4888.1653999999962,5977
275,2,67573.20000000007,1577,57553.574199999915,69847
275,18,10182.799999999996,247,8843.8013000000028,10728
276,17,64276.200000000004,1768,54464.660599999974,65789
276,18,10384.800000000003,214,8680.6410999999989,10575
277,12,2099.4000000000005,95,2003.6460000000002,2392
278,7,47651.850000000013,1091,40016.17500000001,48633
278,18,5544.6499999999996,148,4727.2240999999976,5699
279,12,30068.850000000006,806,25333.493599999991,30688
279,18,4095,85,3365.5815999999986,4095
280,2,98093.549999999959,2413,82759.538699999976,100466
280,18,12688.600000000002,290,10806.328700000002,13150
281,12,57582.649999999958,1253,48537.59720000004,59081
281,18,7643.1500000000015,202,6497.4203999999945,7893
282,17,54904.099999999962,1437,46863.600600000005,56880
282,18,6109.6999999999998,161,5136.5411999999969,6217
283,12,38755.94999999999,968,32512.235099999976,39441
283,18,6644.8499999999995,152,5587.4645999999966,6797
284,11,26111.699999999986,841,22250.554600000018,26795
284,18,5994.1499999999996,104,4961.194199999999,6011
285,4,4843.4999999999991,92,4172.9813999999988,5088
285,18,1710.1499999999999,39,1453.1831999999999,1767
286,10,40355.900000000001,1035,34868.904999999999,42117
286,18,3777.2000000000003,117,3316.2436999999982,4034
287,9,78985.849999999977,1842,66589.662400000001,80939
287,18,7724.3999999999996,188,6563.6762999999992,7994
288,12,42308.19999999999,1189,36357.961600000082,44124
288,18,3840.2000000000007,116,3229.2218999999986,3875
289,11,50982.750000000015,1238,43307.434700000013,52593
289,18,10373.000000000002,166,8949.1597000000002,11016
290,12,99344.100000000079,2459,84465.334200000463,102312
290,18,15978.650000000003,318,13271.745000000008,16249
291,6,103816.49999999991,2466,88448.738700000147,107298
291,18,9953.9499999999971,286,8740.9234999999935,10464
292,8,47586.550000000032,1311,40099.104099999953,48422
292,18,8778.8999999999996,157,7260.0071000000034,8830
293,5,43791.049999999974,1045,37024.997100000008,45058
293,18,8556.2999999999993,164,7228.625299999997,8745
294,2,99626.650000000052,2448,84783.141100000328,102802
294,18,11895.749999999998,280,9933.5412000000069,12111
295,1,39854.000000000007,992,34136.61310000001,41426
295,18,5444.6500000000005,123,4585.4859999999971,5589
296,14,73103.249999999985,1641,63067.218899999913,76682
296,18,4724.9499999999998,133,3933.9871999999996,4799
297,9,58098.249999999942,1334,48491.251199999911,58988
297,18,6444.3000000000002,177,5500.3550999999934,6648
298,9,37475.550000000047,941,31718.908699999996,38423
298,18,5656.5,101,4729.9999999999973,5721
299,5,55525.350000000006,1249,46603.872800000092,56752
299,18,7704.6999999999989,224,6661.1777000000002,8059
300,9,48325.799999999988,1195,40739.872500000012,49246
300,18,10465.15,190,8725.7793999999976,10638
301,2,91883.849999999933,2170,77993.528000000122,94887
301,18,11749.199999999997,246,10225.589200000006,12462
302,12,93657.850000000049,2023,78747.931400000365,95878
302,18,11919.599999999999,262,10071.044999999993,12317
303,9,92322.999999999913,2098,77641.203400000246,94443
303,18,9481.8000000000011,227,8129.3876999999975,9868
304,8,62428.799999999974,1509,52685.734500000006,63828
304,18,8420.7000000000007,177,7241.2087000000001,8779
305,5,68308.75,1717,58618.211099999964,71006
305,18,7273.5500000000002,197,6225.9477999999963,7571
306,15,57475.599999999977,1469,49577.478499999896,59994
306,18,6475.0000000000018,195,5474.3782999999976,6585
307,4,68818.100000000035,1690,58954.565199999954,71427
307,18,8577.8000000000011,153,7044.1692999999987,8633
308,12,161423.39999999988,3801,136295.97320000123,165980
308,18,20174.849999999999,490,16863.653200000026,20406
309,2,121195.74999999994,3122,103862.62600000062,126109
309,18,16919.849999999999,415,14248.174600000004,17288
310,12,33078.300000000003,739,27742.315900000023,33751
310,18,5222.5000000000009,102,4422.4489999999978,5335
311,5,72944.799999999945,1818,62053.88389999995,75449
311,18,12712.049999999997,270,10706.849800000007,13042
312,15,2712,60,2253.7109999999998,2712
312,18,785,14,624.46709999999996,785
313,12,185026.34999999969,4591,158958.3365000021,192756
313,18,24521.350000000002,595,20678.115500000004,25034
314,12,71968.550000000032,1624,61369.178699999989,74629
314,18,4847.4499999999998,197,4232.892899999998,5055
315,2,4972.3499999999995,120,4252.9132999999983,5152
315,18,536,12,457.43869999999998,560
316,9,67410.100000000049,1695,56435.551700000127,68564
316,18,9785.6500000000015,277,8580.6234999999997,10320
317,4,66861.799999999974,1500,56443.775099999941,68700
317,18,9038.5999999999985,147,7519.246299999998,9206
318,2,53439.499999999964,1307,45235.34820000011,54851
318,18,7571.1499999999987,191,6471.7579999999998,7902
319,7,42505.25,1104,36675.066000000006,44254
319,18,5015.3500000000004,94,4306.7329999999993,5280
320,7,3384.8000000000006,70,2973.9905999999996,3603
320,18,612.5,7,569.66390000000001,719
321,8,32516.90000000002,876,27486.112800000017,33262
321,18,5236.7000000000007,118,4331.6773999999941,5240
322,7,43597.94999999999,1131,36598.621300000006,44237
322,18,4026.0000000000005,130,3585.6735999999987,4291
323,11,36991.149999999987,968,31559.430799999991,38173
323,18,5073.1999999999998,84,4253.6625999999969,5220
324,10,32202.500000000007,717,27103.2657,32929
324,18,3050.5,81,2749.6146999999992,3313
325,1,118190.09999999995,2775,101530.63420000047,123305
325,18,11264.649999999994,225,9567.1766000000007,11615
326,12,136004.69999999984,3329,114740.495700001,139386
326,18,14662.450000000001,326,12490.465000000007,15165
327,12,66669.399999999994,1669,56177.447000000015,68093
327,18,6275.6500000000005,223,5350.367199999996,6404
328,11,48443.550000000003,1044,40932.913499999973,49977
328,18,4622.5,125,3938.6981999999985,4752
329,8,3615.9500000000003,51,2985.8800999999989,3641
329,18,484,8,396.64499999999992,484
330,15,55327.999999999964,1460,48040.668999999987,58280
330,18,6411.6999999999989,165,5463.0850999999984,6568
331,5,30848.449999999997,778,26221.968699999994,31812
331,18,6943.699999999998,153,5877.5229999999983,7171
332,2,57011.299999999974,1282,48353.0625,58754
332,18,7102.4500000000007,210,6026.6740999999984,7342
333,2,65513.000000000044,1581,55228.57729999999,66812
333,18,10948.949999999995,195,9494.436800000005,11696
334,12,105709.00000000004,2667,89649.235600000495,108810
334,18,9576.1999999999989,285,8070.3577000000023,9760
335,12,71986.349999999933,1770,60977.635500000084,73902
335,18,10335.849999999999,240,8717.9186000000063,10568
336,2,52613.75,1182,44632.890200000067,54422
336,18,5933.7500000000009,186,5253.659399999995,6343
337,5,46844.900000000031,1060,39010.707699999984,47714
337,18,3999.1000000000004,137,3355.2059999999979,4067
338,12,53721.650000000009,1376,45699.462200000038,55354
338,18,5415.9000000000005,172,4574.810499999995,5484
339,14,31911.849999999999,808,27038.713600000006,32757
339,18,5951.300000000002,98,4975.0046000000011,6070
340,12,172497.84999999969,4336,145530.33810000142,176750
340,18,19657.000000000007,547,16571.652300000031,19977
341,8,95710.199999999968,2348,80812.380800000406,98141
341,18,10861.000000000004,256,9322.2958999999992,11357
342,8,59712.500000000044,1408,50898.825200000036,61795
342,18,8315.2999999999993,249,7400.0879999999925,8888
343,14,23868.200000000001,530,20329.220300000019,24665
343,18,4236.1999999999998,84,3665.0780999999984,4430
344,12,53697.699999999975,1267,45837.310400000002,55738
344,18,4398.0500000000011,128,3774.1194999999966,4582
345,12,54005.60000000002,1311,45519.273700000034,55219
345,18,9511.4500000000025,234,8227.2517000000043,9946
346,12,135646.79999999993,3144,115284.20500000058,140236
346,18,14142.450000000004,356,12010.133400000017,14515
347,15,74278.849999999977,1861,63139.147500000101,76463
347,18,9830.9000000000033,178,8134.5243999999984,9959
348,7,155777.50000000012,3938,132016.90560000119,160007
348,18,17520.750000000007,403,14862.766500000012,18021
349,10,120944.5999999999,3018,103985.22530000088,125889
349,18,19713.100000000006,435,16484.795300000023,20085
350,4,97970.550000000076,2410,83341.868300000307,101173
350,18,16138.149999999996,324,14114.175900000009,17183
351,5,55022.000000000015,1203,46576.138899999998,56995
351,18,5795.75,146,4904.1235000000006,5988
352,9,121753.29999999993,2928,103632.67410000066,126085
352,18,16491.949999999997,363,14041.436899999999,17105
353,2,53008.900000000001,1254,44931.909000000021,54497
353,18,5270.3999999999996,172,4399.6622999999981,5302
354,4,183352.00000000009,4581,155321.06190000151,188280
354,18,30890.500000000011,653,26337.858000000007,31984
355,4,47883.05000000001,954,39765.054599999967,48675
355,18,4866.1999999999998,135,4082.2217999999984,4975
356,2,43889.750000000007,1137,36929.556699999972,44760
356,18,4793.1000000000013,126,4335.1618999999955,5297
357,4,60353.55000000001,1318,51081.734299999989,62241
357,18,6804.7499999999991,144,5970.8167999999987,7269
358,2,32059.800000000003,756,27152.626800000009,32934
358,18,4935.6999999999998,105,4074.7998999999991,4997
359,2,115195.34999999976,2764,97715.654900000634,118563
359,18,12279.449999999999,306,10524.943799999999,12799
360,4,47007.55000000001,1170,39809.030499999986,48435
360,18,9587.8499999999985,136,7953.700499999999,9901
361,7,37073.649999999987,1056,31765.539399999991,38325
361,18,4366.1000000000004,124,3668.0338999999954,4453
362,8,36309.999999999993,1037,31137.848199999997,37434
362,18,5634.9999999999982,144,4781.8062999999956,5781
363,8,73744.699999999968,1775,62846.559600000015,76114
363,18,12437.000000000007,240,10384.698700000004,12693
364,2,155063.09999999977,3984,131771.70170000146,159791
364,18,15365.649999999989,462,13398.23740000002,16179
365,10,124543.44999999988,2813,106513.87370000067,129806
365,18,10395.699999999997,285,8847.4826000000012,10700
366,9,111965.34999999989,2962,94336.947300000873,114296
366,18,12176.700000000003,320,10535.574600000013,12669
367,12,55886.399999999951,1377,47400.266899999886,57418
367,18,6375.75,124,5216.8668999999982,6420
368,9,75540.250000000015,1607,63486.773300000044,77366
368,18,10012.4,211,8638.4343999999928,10562
369,11,3354.2499999999995,102,3011.361699999999,3643
369,18,1894.1000000000001,22,1602.5886000000003,2017
370,8,28677.550000000017,783,24612.264100000004,29644
370,18,6479.4499999999989,181,5496.1113999999989,6681
371,17,71905.349999999933,1680,61081.999300000061,74323
371,18,9806.75,252,8252.0658999999978,9969
372,11,73818.549999999974,1784,62933.171099999949,76208
372,18,9215.7499999999982,199,8029.4937999999975,9750
373,17,47528.450000000012,1151,40231.399399999995,48760
373,18,5881.0999999999995,148,4890.8946999999998,5933
374,12,50052.000000000022,1195,42182.097800000025,51309
374,18,6564.4500000000016,154,5661.9756000000007,6907
375,8,90172.199999999895,2384,76523.532200000147,92591
375,18,19826.250000000004,404,16733.016600000028,20458
376,15,111108.74999999983,2498,95133.517000000676,115824
376,18,7556.2500000000027,207,6516.2206999999999,7853
377,10,2311.1499999999992,56,1928.7793000000001,2364
377,18,65,5,60.72229999999999,65
378,12,57474.400000000038,1550,48850.70540000005,58954
378,18,5464.4000000000015,175,4821.4630999999972,5806
379,9,60486.800000000032,1468,51086.88049999989,61888
379,18,4278.5,182,3801.0944999999974,4497
380,12,49656.750000000036,1278,42353.061400000042,51403
380,18,10373.5,162,8759.2075000000041,10765
381,12,55198.900000000001,1302,46415.999199999955,56417
381,18,7657.0999999999967,208,6432.7263999999977,7737
382,8,2615.9499999999998,74,2447.072799999999,3019
382,18,1267.1500000000001,14,1107.5131000000003,1348
383,1,110978.49999999994,2565,93888.131300000561,114607
383,18,9008.4500000000007,297,7683.4508999999944,9174
384,12,67514.10000000002,1640,57589.952999999936,69997
384,18,7234.4000000000005,182,5996.3206999999975,7308
385,10,58372.649999999951,1294,49422.005199999912,60183
385,18,4595.9000000000015,111,3852.5960999999984,4687
386,7,139637.64999999997,3078,118637.66700000105,144545
386,18,17892.550000000007,353,15085.336700000014,18407
387,9,79993.700000000012,1804,67382.694499999954,81847
387,18,9090.1000000000004,295,7749.7076999999963,9340
388,5,31367.249999999996,666,26388.0399,32226
388,18,4285.1500000000005,75,3586.0397999999991,4432
389,8,30709.69999999999,814,26399.034200000002,32031
389,18,3292.4499999999994,88,2764.9396000000006,3317
390,10,62734.149999999994,1626,53560.672899999976,65022
390,18,4944.1499999999996,144,4160.4911999999986,4983
391,2,26544.500000000004,763,22736.60890000001,27389
391,18,4561.1500000000015,104,4009.4734999999982,4879
392,4,81536.949999999953,1974,68821.925800000026,83570
392,18,10037.300000000001,239,8411.4921000000031,10237
393,9,63156.750000000022,1683,53883.737599999899,65156
393,18,10177.700000000003,233,8576.6567000000014,10452
394,9,58542.399999999958,1450,49947.132299999997,60610
394,18,11173.150000000001,243,9625.2669000000024,11683
395,12,58786.899999999972,1203,49386.538800000046,60148
395,18,3318.8499999999995,98,2730.8970000000013,3334
396,12,52675.599999999977,1405,44757.887000000097,54316
396,18,6749.8500000000004,200,5769.5601999999999,6976
397,12,49593.85000000002,961,41612.645100000023,50733
397,18,5608.7000000000007,140,4654.804299999998,5669
398,2,105963.29999999983,2564,89367.320400000594,108478
398,18,12016.050000000003,319,10320.597199999998,12435
399,7,35438.699999999997,794,29859.876699999997,36307
399,18,2809.5999999999999,92,2334.2947999999997,2819
400,5,126502.34999999986,2640,106700.58880000086,130133
400,18,14392.049999999999,325,12126.922100000009,14732
401,9,47361.85000000002,1047,39805.608599999963,48379
401,18,4045.1499999999996,94,3319.335599999999,4069
402,5,52420.049999999952,1272,44876.30229999993,54537
402,18,4829.3999999999996,152,4197.0564999999979,5030
403,17,40364.500000000044,965,34317.038700000026,41713
403,18,4978.4000000000005,123,4267.5825999999979,5137
404,8,134303.34999999989,3124,113397.54270000102,137866
404,18,12175.800000000005,383,10319.915300000004,12439
405,11,52784.950000000077,1428,45441.101800000019,54801
405,18,8389.7000000000007,184,7153.7961000000023,8793
406,5,585301.35000000184,14324,498029.54859998659,604737
406,18,68396.849999999962,1716,58409.458899999903,70869
407,12,127725.59999999983,2831,108672.3809000008,132028
407,18,15457.749999999998,454,13379.746700000012,16167
408,8,45841.750000000029,1021,38756.328700000064,47147
408,18,3755.650000000001,143,3301.452499999999,3946
409,8,42584.149999999987,1046,36313.153900000005,44042
409,18,4036.2000000000007,97,3555.3142999999995,4341
410,8,41505.299999999952,1069,35211.337299999963,42489
410,18,2379.25,97,2000.5595999999998,2422
411,8,69701.250000000073,1750,59664.025299999936,72370
411,18,6159.7999999999993,179,5205.0624999999964,6264
412,15,70160.000000000015,1878,60393.792800000068,73124
412,18,8080.1500000000015,266,6884.9119999999948,8267
413,12,57275.350000000006,1391,49126.695400000113,59487
413,18,4615.3499999999985,162,3971.189799999996,4761
414,5,7057.2000000000007,110,6106.7184999999981,7507
414,18,174,10,151.98939999999999,174
415,14,30106.049999999996,693,25509.111700000016,31035
415,18,3002.0000000000005,93,2834.2509999999993,3384
416,12,56790.550000000017,1298,48146.024500000029,58531
416,18,8066.6999999999998,169,6745.8519999999962,8250
417,14,49186.000000000029,1331,41444.564900000027,50065
417,18,5288.3999999999996,121,4528.4384000000018,5423
418,12,44389.749999999978,1145,37547.201299999972,45570
418,18,3644.6500000000001,87,3017.4363999999996,3675
419,11,73736.049999999988,1652,62385.992800000007,75915
419,18,12225.599999999997,264,10691.549999999999,13138
420,7,55085.600000000006,1480,46801.938300000002,56698
420,18,8833.3999999999996,218,7402.8654999999981,9008
421,12,61033.249999999978,1436,52006.313199999982,63316
421,18,7169.8500000000004,210,6098.8671999999997,7312
422,11,88622.349999999991,2020,74635.908900000184,90879
422,18,9331.2500000000018,220,7745.9453000000003,9469
423,17,92296.449999999953,2115,77870.121500000096,94823
423,18,14580.299999999999,366,12395.987399999998,15044
424,12,52734.000000000051,1298,44321.040500000003,53719
424,18,7905.6499999999996,169,6549.6952000000001,7964
425,11,57830.549999999981,1346,49338.593099999969,59838
425,18,8595.5500000000011,223,7261.5322999999989,8759
426,8,59109.199999999997,1276,50049.397499999992,60936
426,18,9652.8999999999996,173,8175.0459999999975,10039
427,12,49186.899999999936,1361,42549.856799999972,51376
427,18,7993.2999999999984,178,6667.0348999999969,8146
428,14,58980.349999999955,1339,50822.263800000081,61915
428,18,9284.4000000000015,207,7853.314699999999,9566
429,5,70680.299999999959,1583,59628.283099999921,72528
429,18,4943.0999999999995,165,4301.4983999999949,5125
430,5,55503.250000000051,1328,46992.587199999929,57026
430,18,4722.1999999999998,145,4127.8021999999974,4984
431,4,90229.649999999994,2420,76757.365800000465,92797
431,18,11830.700000000001,307,10106.4233,12200
432,12,4608.2499999999991,99,3832.0367999999971,4691
433,8,56790.450000000055,1456,48213.334800000011,58403
433,18,8641.0999999999985,171,7307.8391999999985,9035
434,9,75715.499999999971,1794,63990.093000000052,77837
434,18,9280.0499999999993,225,7976.2273000000014,9699
435,12,40869.799999999981,953,34367.064199999972,41760
435,18,6483.9500000000007,143,5433.9308999999939,6611
436,12,55494.750000000022,1408,46951.503099999951,56998
436,18,12445.350000000004,215,10639.651500000007,13046
